{"lossPG": 0.45645901560783386, "_timestamp": 1702423463.436356, "_runtime": 231.46639013290405, "_step": 1899, "lossSF": 0.4369487762451172, "lossC": 0.44844552874565125, "lossRookie": 0.6425866484642029, "lossYoung": 0.3616047203540802, "lossMid": 0.33980607986450195, "lossOld": 0.3990418016910553, "gp": 4.1477276681689546e-05, "mp": 2.1614250726997852e-05, "pts": 1.2668559975281823e-05, "reb": 2.6013261958723888e-05, "ast": 2.2493788492283784e-05, "3p": 3.716195351444185e-05, "fg%": 9.929666703101248e-05, "ft%": 0.00012647676339838654, "stl": 1.854589208960533e-05, "blk": 1.3609101188194472e-05, "tov": 4.79029149573762e-05, "totalLoss": 0.44470030069351196, "_wandb": {"runtime": 230}}