{"lossPG": 0.45507335662841797, "lossSF": 0.42474472522735596, "lossC": 0.4276559054851532, "lossYoung": 0.4823513329029083, "lossRookie": 0.3994497060775757, "lossOld": 0.4439471960067749, "totalLoss": 0.4321894347667694, "lossMid": 0.40259209275245667, "_timestamp": 1701213012.4360702, "_runtime": 166.6693742275238, "_step": 99, "_wandb": {"runtime": 166}}