{"lossPG": 0.42330536246299744, "_timestamp": 1702947670.679521, "_runtime": 802.0285611152649, "_step": 18999, "lossSF": 0.42601287364959717, "lossC": 0.45687735080718994, "lossRookie": 0.6064873933792114, "lossYoung": 0.43609681725502014, "lossMid": 0.34922802448272705, "lossOld": 0.3692092001438141, "gp": 7.238754278660053e-06, "mp": 3.5980303891847143e-06, "pts": 2.4049935746006668e-05, "reb": 1.0811534593813121e-05, "ast": 6.115130236139521e-05, "3p": 9.436136679141782e-06, "fg%": 4.618465027306229e-06, "ft%": 1.0754698450909927e-05, "stl": 1.237686683452921e-05, "blk": 2.5817924324655905e-05, "tov": 2.0379500256240135e-06, "totalLoss": 0.4333480894565582, "_wandb": {"runtime": 801}}