{"lossPG": 0.7444795966148376, "lossSF": 0.6160798668861389, "lossC": 0.6429325342178345, "lossYoung": 0.6022557616233826, "lossRookie": 0.7981565594673157, "lossOld": 0.5721767544746399, "totalLoss": 0.6605905890464783, "lossMid": 0.5937120914459229, "_timestamp": 1701216161.3907578, "_runtime": 29.92631983757019, "_step": 12}