{"lossPG": 0.457417756319046, "lossSF": 0.4354456961154938, "lossC": 0.4472742974758148, "lossYoung": 0.3698364198207855, "lossRookie": 0.616541862487793, "lossOld": 0.4420968294143677, "totalLoss": 0.44387972354888916, "lossMid": 0.3552960753440857, "_timestamp": 1701216551.0272145, "_runtime": 419.56277656555176, "_step": 199, "_wandb": {"runtime": 419}}