{"lossPG": 0.3864087164402008, "lossSF": 0.37454158067703247, "lossC": 0.43568918108940125, "lossYoung": 0.6479552388191223, "lossOld": 0.2944096028804779, "_timestamp": 1701210900.5271099, "_runtime": 126.34868788719177, "_step": 99, "_wandb": {"runtime": 125}}