{"lossPG": 0.47417712211608887, "_timestamp": 1702593687.5285974, "_runtime": 3588.424861431122, "_step": 30399, "lossSF": 0.4585621654987335, "lossC": 0.4771229326725006, "lossRookie": 0.6773894429206848, "lossYoung": 0.4544083774089813, "lossMid": 0.3842621445655823, "lossOld": 0.4379938542842865, "gp": 4.9486545321997255e-05, "mp": 3.616222966229543e-05, "pts": 1.8554123016656376e-05, "reb": 3.3682550565572456e-05, "ast": 3.655345062725246e-05, "3p": 3.798969919444062e-05, "fg%": 7.167580770328641e-05, "ft%": 7.257000834215432e-05, "stl": 3.9991380617721006e-05, "blk": 4.1669853089842945e-05, "tov": 4.7611709305783734e-05, "totalLoss": 0.46645694971084595, "_wandb": {"runtime": 3587}}