{"lossPG": 0.3895154297351837, "_timestamp": 1702936545.3057272, "_runtime": 3466.1571702957153, "_step": 28499, "lossSF": 0.38460758328437805, "lossC": 0.3813336193561554, "lossRookie": 0.6123050451278687, "lossYoung": 0.3845026195049286, "lossMid": 0.29717323184013367, "lossOld": 0.3028249442577362, "gp": 2.4158329324563965e-05, "mp": 7.765601185383275e-05, "pts": 1.8054812244372442e-05, "reb": 4.416045339894481e-05, "ast": 0.00013646383013110608, "3p": 8.691331458976492e-05, "fg%": 1.706413422652986e-05, "ft%": 0.00010654877405613661, "stl": 8.340546628460288e-05, "blk": 1.9277515093563125e-05, "tov": 9.392799256602302e-05, "totalLoss": 0.3860807418823242, "_wandb": {"runtime": 3465}}