{"lossPG": 18.393579483032227, "_timestamp": 1702422332.3896706, "_runtime": 3.6425716876983643, "_step": 3, "lossSF": 13.498607635498047, "lossC": 14.712264060974121, "lossRookie": 23.473880767822266, "_wandb": {"runtime": 3}}