{"lossPG": 0.43922287225723267, "_timestamp": 1702601242.7092764, "_runtime": 3709.334527492523, "_step": 28499, "lossSF": 0.42708277702331543, "lossC": 0.44332003593444824, "lossRookie": 0.622163712978363, "lossYoung": 0.42581093311309814, "lossMid": 0.35061243176460266, "lossOld": 0.39978548884391785, "gp": 6.712796312058344e-05, "mp": 1.638848516449798e-05, "pts": 8.657789294375107e-06, "reb": 4.999968587071635e-05, "ast": 1.7716507500153966e-05, "3p": 3.919847586075775e-05, "fg%": 7.691689097555354e-05, "ft%": 3.146593371639028e-05, "stl": 2.0157915059826337e-05, "blk": 2.5293644284829497e-05, "tov": 3.7689347664127126e-05, "totalLoss": 0.4335291087627411, "_wandb": {"runtime": 3708}}