{"gp": 0.7263059616088867, "_timestamp": 1701471195.0382373, "_runtime": 374.2728703022003, "_step": 1199, "mp": 0.4043251574039459, "pts": 0.30813872814178467, "reb": 0.28703218698501587, "ast": 0.2902805805206299, "3p": 0.22478137910366058, "fg%": 0.8159637451171875, "ft%": 0.8580777049064636, "stl": 0.3758346438407898, "blk": 0.30560505390167236, "tov": 0.3294793665409088, "lossPG": 0.45789438486099243, "lossSF": 0.4399935305118561, "lossC": 0.45431995391845703, "lossYoung": 0.36550745368003845, "lossRookie": 0.6428154110908508, "lossOld": 0.3866880536079407, "totalLoss": 0.44780248403549194, "lossMid": 0.3470398485660553, "_wandb": {"runtime": 373}}