{"lossPG": 0.45394235849380493, "_timestamp": 1702422699.544327, "_runtime": 256.013503074646, "_step": 699, "lossSF": 0.4379032552242279, "lossC": 0.4565417766571045, "lossRookie": 0.648293137550354, "lossYoung": 0.3601808547973633, "lossMid": 0.3417525589466095, "lossOld": 0.39713791012763977, "_wandb": {"runtime": 255}}