{"lossPG": 0.4599173069000244, "_timestamp": 1702432001.3183906, "_runtime": 1007.9114286899567, "_step": 7599, "lossSF": 0.44293808937072754, "lossC": 0.45664721727371216, "lossRookie": 0.6700815558433533, "lossYoung": 0.43968790769577026, "lossMid": 0.35863563418388367, "lossOld": 0.415471613407135, "gp": 9.155115549219772e-05, "mp": 2.933640826086048e-05, "pts": 1.9816723579424433e-05, "reb": 4.168965824646875e-05, "ast": 2.738648072408978e-05, "3p": 3.3471675124019384e-05, "fg%": 6.872093217680231e-05, "ft%": 8.890002936823294e-05, "stl": 3.628475678851828e-05, "blk": 1.8960901797981933e-05, "tov": 3.662169547169469e-05, "totalLoss": 0.4502933621406555, "_wandb": {"runtime": 1007}}