{"lossPG": 0.4394766390323639, "lossSF": 0.42255914211273193, "lossC": 0.4374523162841797, "lossYoung": 0.3495103716850281, "lossRookie": 0.6209123134613037, "lossOld": 0.37503641843795776, "totalLoss": 0.43017709255218506, "lossMid": 0.33194464445114136, "_timestamp": 1701215912.9112277, "_runtime": 182.14706468582153, "_step": 99, "_wandb": {"runtime": 181}}