{"lossPG": 0.45944204926490784, "_timestamp": 1702945939.4667401, "_runtime": 3148.0158240795135, "_step": 28499, "lossSF": 0.46373701095581055, "lossC": 0.5036353468894958, "lossRookie": 0.6195082068443298, "lossYoung": 0.47372767329216003, "lossMid": 0.4052858054637909, "lossOld": 0.4687215983867645, "gp": 2.6896885174210183e-05, "mp": 6.0236387071199715e-05, "pts": 4.264801464159973e-05, "reb": 4.2772648157551885e-05, "ast": 3.6486360386334127e-06, "3p": 1.3945957562100375e-06, "fg%": 4.16929151469958e-06, "ft%": 2.7373016564524733e-05, "stl": 0.00010686910536605865, "blk": 9.900098802972934e-07, "tov": 3.476114579825662e-05, "totalLoss": 0.4740922749042511, "_wandb": {"runtime": 3147}}