{"lossPG": 0.482704758644104, "_timestamp": 1702430652.4018393, "_runtime": 238.8520791530609, "_step": 1899, "lossSF": 0.458578884601593, "lossC": 0.471596896648407, "lossRookie": 0.7048487067222595, "lossYoung": 0.4601339101791382, "lossMid": 0.3556392192840576, "lossOld": 0.44903507828712463, "gp": 5.513070573215373e-05, "mp": 1.8961232854053378e-05, "pts": 2.1933399693807587e-05, "reb": 2.119636337738484e-05, "ast": 1.5802899724803865e-05, "3p": 3.639278293121606e-05, "fg%": 6.828556070104241e-05, "ft%": 0.00015656203322578222, "stl": 3.612487489590421e-05, "blk": 4.2021994886454195e-05, "tov": 3.771162300836295e-05, "totalLoss": 0.4680215120315552, "_wandb": {"runtime": 238}}