{"gp": [0.765314519405365, 0.4195011258125305, 0.34230294823646545, 0.30897650122642517, 0.3193648159503937, 0.24447709321975708, 0.8529120087623596, 0.9457805156707764, 0.41167688369750977, 0.31434711813926697, 0.3595828115940094], "_timestamp": 1701217399.3366606, "_runtime": 62.81474471092224, "_step": 263, "mp": [0.765314519405365, 0.4195011258125305, 0.34230294823646545, 0.30897650122642517, 0.3193648159503937, 0.24447709321975708, 0.8529120087623596, 0.9457805156707764, 0.41167688369750977, 0.31434711813926697, 0.3595828115940094], "pts": [0.765314519405365, 0.4195011258125305, 0.34230294823646545, 0.30897650122642517, 0.3193648159503937, 0.24447709321975708, 0.8529120087623596, 0.9457805156707764, 0.41167688369750977, 0.31434711813926697, 0.3595828115940094], "reb": [0.765314519405365, 0.4195011258125305, 0.34230294823646545, 0.30897650122642517, 0.3193648159503937, 0.24447709321975708, 0.8529120087623596, 0.9457805156707764, 0.41167688369750977, 0.31434711813926697, 0.3595828115940094], "ast": [0.765314519405365, 0.4195011258125305, 0.34230294823646545, 0.30897650122642517, 0.3193648159503937, 0.24447709321975708, 0.8529120087623596, 0.9457805156707764, 0.41167688369750977, 0.31434711813926697, 0.3595828115940094], "3p": [0.765314519405365, 0.4195011258125305, 0.34230294823646545, 0.30897650122642517, 0.3193648159503937, 0.24447709321975708, 0.8529120087623596, 0.9457805156707764, 0.41167688369750977, 0.31434711813926697, 0.3595828115940094], "fg%": [0.765314519405365, 0.4195011258125305, 0.34230294823646545, 0.30897650122642517, 0.3193648159503937, 0.24447709321975708, 0.8529120087623596, 0.9457805156707764, 0.41167688369750977, 0.31434711813926697, 0.3595828115940094], "ft%": [0.765314519405365, 0.4195011258125305, 0.34230294823646545, 0.30897650122642517, 0.3193648159503937, 0.24447709321975708, 0.8529120087623596, 0.9457805156707764, 0.41167688369750977, 0.31434711813926697, 0.3595828115940094], "stl": [0.765314519405365, 0.4195011258125305, 0.34230294823646545, 0.30897650122642517, 0.3193648159503937, 0.24447709321975708, 0.8529120087623596, 0.9457805156707764, 0.41167688369750977, 0.31434711813926697, 0.3595828115940094], "blk": [0.765314519405365, 0.4195011258125305, 0.34230294823646545, 0.30897650122642517, 0.3193648159503937, 0.24447709321975708, 0.8529120087623596, 0.9457805156707764, 0.41167688369750977, 0.31434711813926697, 0.3595828115940094], "tov": [0.765314519405365, 0.4195011258125305, 0.34230294823646545, 0.30897650122642517, 0.3193648159503937, 0.24447709321975708, 0.8529120087623596, 0.9457805156707764, 0.41167688369750977, 0.31434711813926697, 0.3595828115940094], "lossPG": 0.497173547744751, "lossSF": 0.4680362343788147, "lossC": 0.48695001006126404, "lossYoung": 0.39726394414901733, "lossRookie": 0.6731656193733215, "lossOld": 0.4053460955619812, "totalLoss": 0.4803853929042816, "lossMid": 0.3882442116737366, "_wandb": {"runtime": 63}}