{"lossPG": 0.4560106098651886, "_timestamp": 1702946843.2050712, "_runtime": 143.92582821846008, "_step": 3650, "lossSF": 0.45098909735679626, "lossC": 0.4933526813983917, "lossRookie": 0.6027884483337402, "lossYoung": 0.4663706421852112, "lossMid": 0.3865935504436493, "lossOld": 0.41273075342178345, "gp": 3.192832809872925e-05, "mp": 0.00010254653898300603, "pts": 8.063390851020813e-06, "reb": 2.760611823759973e-05, "ast": 1.7392039808328263e-05, "3p": 4.667060238716658e-06, "fg%": 5.12193983013276e-05, "ft%": 2.1930665752734058e-05, "stl": 1.4263566299632657e-05, "blk": 2.6891921152127907e-05, "tov": 9.644121746532619e-06, "totalLoss": 0.4622170627117157, "_wandb": {"runtime": 143}}