{"gp": 0.7052710652351379, "_timestamp": 1701217713.8287482, "_runtime": 287.34283924102783, "_step": 1199, "mp": 0.3825147747993469, "pts": 0.29508158564567566, "reb": 0.2712413966655731, "ast": 0.27495741844177246, "3p": 0.2112056314945221, "fg%": 0.7959067821502686, "ft%": 0.8417565226554871, "stl": 0.3626067638397217, "blk": 0.28879687190055847, "tov": 0.3141098916530609, "lossPG": 0.43826761841773987, "lossSF": 0.42519858479499817, "lossC": 0.4381366968154907, "lossYoung": 0.35000211000442505, "lossRookie": 0.6217530369758606, "lossOld": 0.38888123631477356, "totalLoss": 0.4312228560447693, "lossMid": 0.3345358967781067, "_wandb": {"runtime": 286}}