{"acc": 0.9680279737395181, "loss": 0.02700776878196661, "_timestamp": 1701210350.3443072, "_runtime": 0.8632662296295166, "_step": 97, "_wandb": {"runtime": 0}}