{"lossPG": 19.171737670898438, "_timestamp": 1702422187.8229692, "_runtime": 5.572757244110107, "_step": 3, "lossSF": 12.776288032531738, "lossC": 14.270743370056152, "lossRookie": 19.56670379638672, "_wandb": {"runtime": 5}}