{"lossPG": 0.4518071115016937, "lossSF": 0.423351913690567, "lossC": 0.42416855692863464, "lossYoung": 0.40683022141456604, "lossOld": 0.43904051184654236, "_timestamp": 1701211487.861313, "_runtime": 123.24004101753235, "_step": 99, "_wandb": {"runtime": 122}}