{"acc": 0.8868960726397263, "loss": 0.10498622407542402, "_timestamp": 1701131137.9730914, "_runtime": 0.8311684131622314, "_step": 7, "_wandb": {"runtime": 0}}